,y_test,y_hat_rw,y_hat_sarima_br,y_hat_sarima_f,y_hat_sarima_g,y_hat_umlp,y_hat_mlm1,y_hat_mlm2,y_hat_mlm3,y_hat_mlm4
Max_error,0.0,1989.2900000000002,17667.440089197364,3611.477871154157,3370.1152294008502,8148.714599999999,33025.10977108403,40758.24486034228,37297.9540670777,202488.02054351897
Max_percentage_error,0.0,5895.0,88978.12720468803,2068.1666195968014,34626.00676212059,134665.3,19193.225310254435,120789.43709849025,125258.15505302216,50075.35412876696
MAE,0.0,38.745585660313026,38.46817877367567,34.88179549827391,39.409410696319725,53.452909649270396,60.12612479755852,71.75213462916302,82.16874358995267,343.6872073357981
MAPE,0.0,4.313952874440274,9.708306137632645,2.823022158660832,6.12333305699648,14.8067688562534,5.778863078119971,14.285042602426318,15.209636664911974,31.944188995180777
MSE,0.0,7001.957272395744,606873.6427967349,1142.8235067881947,93472.2146503589,1391902.4367691446,29555.807146614276,1118622.1025931328,1203296.2144553897,513129.94805098174
RMSE,0.0,83.68591455555683,191.96014985178508,93.5044156819064,117.39399401615171,231.97720890636458,443.7201204826569,523.6309264460087,608.8234306962479,3623.6683060659598
RMSPE,0.0,83.67769877569378,779.0209514491474,33.80567270131146,305.73225974757537,1179.789149284373,171.91802449602042,1057.6493287442358,1096.9485924396774,716.330892849793
