,SARIMA: BR,SARIMA: G,SARIMA: F,"MLP: hid 100, lr 1e-2, step 20k","MLP: hid 100, lr 1e-3, step 20k","MLP: hid 100, lr 1e-5, step 20k","MLP: hid 200, lr 1e-3, step 20k","MLP: hid 1k, lr 1e-3, step 20k"
MAE,49.342600559258116,74.47744340106776,60.7720688733701,117.96836035499999,89.49248137500001,167.87525359375002,81.88337718750002,74.4507430875
MAPE,0.6145589981300843,1.1890525507930811,0.7262932363399173,0.7533251418988767,0.5030900700240941,0.922163822198858,0.4688909034722166,0.532016748979628
MSE,6540.643912087957,11353.24081913161,10657.72409893301,25938.524507157275,11897.707508445064,33397.089361200284,10005.83226987462,9373.651473610857
RMSE,80.87424752099989,106.5515875955474,103.23625380133187,161.054414739731,109.07661302243055,182.74870549801517,100.02915709869107,96.81761964441625
RMSPE,1.4163898998126851,3.2340326589739843,1.6558482589912547,1.0746611059326712,0.5812140015838634,0.9261604049154952,0.5823035753364793,0.7708600138392067
