,EPS,INV,AR,CAPX,GM,SA,ETR,LF
count,52156.0,52156.0,52156.0,52156.0,52156.0,52156.0,52156.0,52156.0
mean,67.4677268815089,808.7860714128078,1272.915281651515,173.15157843404182,513.3630409852034,385.50976468031956,0.3385151867862776,16.20516186537586
std,707.5286416583997,7234.778194327809,8087.578909256113,2387.7840606268815,3577.8958909827593,2699.8616980339843,5.835095889862869,0.7934353810280496
min,-37300.5,0.0110633520952296,0.0261486897126923,0.0006329030188577,-30368.48217921839,-482.93848665350174,-494.7160493827161,11.628080378220345
25%,3.49,91.61525507998705,181.89692916743633,9.295766070597331,53.15647566550025,39.60284379669254,0.24112866832136548,15.662168531066957
50%,15.23,193.90812533307707,357.9775798801706,24.741093085393057,115.76765381654525,83.522964272707,0.3308270676691729,16.153621369763584
75%,37.54,415.64889650325887,717.7613745741702,64.52681581024221,222.7899484237163,166.31680614417257,0.4144283907000488,16.69304721087977
max,31202.83,404482.4622656712,293004.8963568517,143224.38980053872,104813.92966882896,87333.56094230113,817.75,22.530918340176378
